{"loss":{"0":0.9088910222},"accuracy":{"0":0.4861111045},"val_loss":{"0":0.6740384698},"val_accuracy":{"0":0.625}}