,loss,accuracy,val_loss,val_accuracy
0,0.9088910222053528,0.4861111044883728,0.6740384697914124,0.625
